id,category,service,business_name,contact_name,phone,address,website,notes,keywords,created_at,updated_at,updated_by
97,Home Repair & Trades,Window Coverings,3 Day Blinds,,8007001860,,https://www.3dayblinds.com/locations/tx/san-antonio,,,2025-10-04 12:52:59,2025-10-04T09:54:43+00:00,Randy
33,Health Care & Specialists,Dental,7‑To‑7 Dental (Alamo Ranch),,2105380777,"11841 Alamo Ranch Pkwy Ste 106, San Antonio, Tx 78253",https://www.7to7dental.com,,,2025-10-04 12:52:59,2025-10-04T09:54:43+00:00,Randy
117,Landscaping & Outdoor Services,Pest Control,A-Bear Pest Control,,2106503200,"12702 Toepperwein Rd #233, Live Oak, Tx 78233",https://abearpestcontrol.com/,Prompt & thorough,,2025-10-04 12:52:59,2025-10-04T09:54:43+00:00,Randy
71,Home Repair & Trades,Garage Doors,A1 Garage Door Service,Joshua,2106605420,"114 N Ellison Dr, Suite 406, San Antonio, Tx 78251",https://a1garage.com/locations/tx/sanantonio/,"Army vet, great service",,2025-10-04 12:52:59,2025-10-04T09:54:43+00:00,Randy
87,Home Repair & Trades,Plumbing,"Ads Plumbing, LLC",Danny Stephens,2102876409,"101 County Rd 4511, Hondo, Tx 78861",,,,2025-10-04 12:52:59,2025-10-04T09:54:43+00:00,Randy
121,Landscaping & Outdoor Services,Yard Cleanup,Aj,Aj,2109070399,,,,,2025-10-04 12:52:59,2025-10-04T09:54:43+00:00,Randy
88,Home Repair & Trades,Plumbing,Akm Plumbing,Adrian Moreno,8302121313,,,,,2025-10-04 12:52:59,2025-10-04T09:54:43+00:00,Randy
133,Pet Care,Veterinary,Alamo Ranch Animal Hospital,Dr. Shannon; Dr. Gaines,2105387484,"6820 Alamo Pkwy Ste 118, San Antonio, Tx 78253",http://alamoranchvets.com/,,,2025-10-04 12:52:59,2025-10-04T09:54:43+00:00,Randy
32,Health Care & Specialists,Dental,Alamo Ranch Family Dentistry,Dr. Sarah Tovar,2108982688,"11840 Alamo Ranch Pkwy Ste 90, San Antonio, Tx 78253",https://www.alamoranchfamilydentistry.com,,,2025-10-04 12:52:59,2025-10-04T09:54:43+00:00,Randy
31,Health Care & Specialists,Dental,Alamo Springs Dental,,2104639339,"11590 Galm Rd Ste 109, San Antonio, Tx 78254",https://www.alamospringsdental.com,,,2025-10-04 12:52:59,2025-10-04T09:54:43+00:00,Randy
120,Landscaping & Outdoor Services,Weed & Feed,Alamo Turf Works,,2103712125,"2303 Abadeer Trl San Antonio, Tx 78253",https://alamoturfworks.com/,Beautiful results,,2025-10-04 12:52:59,2025-10-04T09:54:43+00:00,Randy
6,Auto Services,Mobile Wash,Albert,Albert,2103921085,,,Amazing job,,2025-10-04 12:52:59,2025-10-04T09:54:43+00:00,Randy
18,Electrical,Electrician,All Star Electric,,2103910274,"5911 Rittiman Plaza Bldg 1, Sa",https://www.allstarelectric-sa.com/,Military discount,,2025-10-04 12:52:59,2025-10-04T09:54:43+00:00,Randy
102,Landscaping & Outdoor Services,Artificial Turf,Always Green Synthetic Lawns,,2104131034,"22211 W I-10, Suite 1206, San Antonio, Tx 78257",https://www.alwaysgreen-texas.com/,,,2025-10-04 12:52:59,2025-10-04T09:54:43+00:00,Randy
67,Home Repair & Trades,Flooring,Atlas Flooring,,2104442039,10242 West Loop 1604 N San Antonio Tx,https://www.atlasfloors.com/,,,2025-10-04 12:52:59,2025-10-04T09:54:43+00:00,Randy
26,Health Care & Specialists,Audiology,Audionova Audiology,Dr Rogers Johns,2106140100,"5282 Medical Drive ,suite 150",https://hearlifeagain.alpacaaudiology.com/meet-the-team/roger-johns/,Excellent diagnostician,,2025-10-04 12:52:59,2025-10-04T09:54:43+00:00,Randy
150,Landscaping & Outdoor Services,Tree Removal,Bare Nature Tree Surgeons LLC,,2105404669,,https://www.barenaturetree.com/,Free estimates 24/7,,2025-10-04 12:52:59,2025-10-04T09:54:43+00:00,Randy
127,Pet Care,Mobile Grooming,Barkin Beautiful,Martina Martinez,2106061528,,https://www.barkinbeautiful.com/,,,2025-10-04 12:52:59,2025-10-04T09:54:43+00:00,Randy
152,Tree Services,Tree Removal,Bartlett Tree Experts,Luke Zinmeister,2016554670,"13115 Lookout Run, San Antonio, Tx 78233","https://www.bartlett.com/locations/San-Antonio-TX.cfm | 13115 Lookout Run, San Antonio, TX 78233",Emergency svc avail,,2025-10-04 12:52:59,2025-10-04T09:54:43+00:00,Randy
94,Home Repair & Trades,Window Coverings,Blinded By Delight,,2103365266,"140 Heimer Rd, Ste 685, San Antonio, Tx 78232",https://www.blindedbydelight.com,,,2025-10-04 12:52:59,2025-10-04T09:54:43+00:00,Randy
128,Pet Care,Pet Grooming,Blissful Pet Grooming,Cici,2105704891,,https://www.blissfulpetgrooming.com/,Also plant watering,,2025-10-04 12:52:59,2025-10-04T09:54:43+00:00,Randy
105,Landscaping & Outdoor Services,Curb Install,Brush County Curbs & Borders LLC,Wayne Palk,9038509896,"110 Cimarron Park, Helotes, Tx 78023",https://www.brushcountrycurbs.com/,brushcountycurbs@gmail.com,,2025-10-04 12:52:59,2025-10-04T09:54:43+00:00,Randy
96,Home Repair & Trades,Window Coverings,Budget Blinds Of San Antonio,,2104902272,"4553 N Loop 1604 W Ste 1127, San Antonio, Tx 78249",https://budgetblinds.com/northeastsanantonio/,,,2025-10-04 12:52:59,2025-10-04T09:54:43+00:00,Randy
111,Landscaping & Outdoor Services,"Landscape, Hardscape, Paver Install",Burgess Services,,2109942239,"6923 W Loop 1604 N, San Antonio, Tx 78254",https://www.burgessservices210.com,Patio pavers; cleanup good,,2025-10-04 12:52:59,2025-10-04T09:54:43+00:00,Randy
78,Home Repair & Trades,Handyman,Byron Morales,Byron Morales,2107449933,,,"Many jobs, fair price",,2025-10-04 12:52:59,2025-10-04T09:54:43+00:00,Randy
84,Home Repair & Trades,"Hvac, Air Conditioning, Heating",C&M Heating And Cooling,Cory Wade,2105564280,"San Antonio, Tx 78253",http://cmrepairstexas.com/,,,2025-10-04 12:52:59,2025-10-04T09:54:43+00:00,Randy
3,Auto Services,Auto Repair,Caliber Collision,,8884610010,"11720 Culebra Rd. San Antonio, Tx 78253",https://www.caliber.com/find-a-location/cac-san-antonio-alamo-ranch,,,2025-10-04 12:52:59,2025-10-04T09:54:43+00:00,Randy
122,Legal Services,Elder Law,Carol Bertsch,Carol Bertsch,2103728011,"8703 Broadway, San Antonio, Tx 78217",https://www.assistingseniors.com/,Elder resources expert,,2025-10-04 12:52:59,2025-10-04T09:54:43+00:00,Randy
80,Home Repair & Trades,Handyman,Ceja Handyman,,2103647268,,https://cejahandyman.com,,,2025-10-04 12:52:59,2025-10-04T09:54:43+00:00,Randy
107,Landscaping & Outdoor Services,Fencing,Champion Fence,,2104901441,"15114 Jones Maltsberger Rd, San Antonio, Tx 78247",,,,2025-10-04 12:52:59,2025-10-04T09:54:43+00:00,Randy
2,Auto Services,Auto Repair,Cornerstone Automotive,,2106882000,"11030 Culebra Road San Antonio, Texas, 78254",https://www.cornerstoneautomotive.com/,,"Electronic troubleshooting and repair 
Electrical repairs and modifications 
Engine diagnostics
Complete engine repairs 
Complete brake repairs including ABS systems
Air Conditioning service & repair 
Full-line suspension and steering service
Routine factory recommended services 
Clutch system repairs
Front end/ four wheel alignment 
Driveline services",2025-10-04 12:52:59,2025-10-04T09:54:43+00:00,Randy
35,Health Care & Specialists,Dental,Covert Dental,Dr. John Covert,2105438400,"7701 Tezel Rd, San Antonio, Tx 78250",https://covertdental.com/,,,2025-10-04 12:52:59,2025-10-04T09:54:43+00:00,Randy
86,Home Repair & Trades,Plumbing,D. Kay’S Plumbing Solutions,Eloy,2105735865,"5630 Timberhurst, San Antonio, Tx, United States, Texas",https://www.facebook.com/saplumbing01/,,,2025-10-04 12:52:59,2025-10-04T09:54:43+00:00,Randy
157,CPA & Tax Services,,Damien,Clutch,,,,,,2025-10-04 12:52:59,2025-10-04T09:54:43+00:00,Randy
92,Home Repair & Trades,Sheetrock Repair,Danny Wilks,,2108234027,,,,,2025-10-04 12:52:59,2025-10-04T09:54:43+00:00,Randy
90,Home Repair & Trades,Roofing,Dav Roofing And Construction,Scott,8304815650,,https://davroofing.com/,,,2025-10-04 12:52:59,2025-10-04T09:54:43+00:00,Randy
153,Tree Services,Tree Removal,Davey Tree Expert Company,,2106980515,"24175 Boerne Stage Rd, San Antonio, Tx 78225",https://www.davey.com/residential-tree-services/local-offices/san-antonio-tree-service,ISA arborists,,2025-10-04 12:52:59,2025-10-04T09:54:43+00:00,Randy
25,Furniture,Upholstery,David Huron,David Huron,2108857765,,https://budgetupholstery.com,Very pleased,,2025-10-04 12:52:59,2025-10-04T09:54:43+00:00,Randy
43,Health Care & Specialists,Endocrinology,Diabetic & Glandular Disease Clinic,Dr. Firas Akhrass,2106148612,"5107 Medical Dr, San Antonio, Tx 78229",https://www.dgdclinic.com/,,,2025-10-04 12:52:59,2025-10-04T09:54:43+00:00,Randy
16,Domestic Services,Housekeeping,Dina Cordova,Dina Cordova,2107693231,,,Trustworthy,,2025-10-04 12:52:59,2025-10-04T09:54:43+00:00,Randy
37,Health Care & Specialists,Dermatology,Dr Michael Sorace,Dr Michael Sorace,,,https://www.mohsskinsurgery.com/,Excellent MOHS,,2025-10-04 12:52:59,2025-10-04T09:54:43+00:00,Randy
54,Health Care & Specialists,Orthopedics,Dr. Adam Harris (South Texas Surgical & Orthopedic Specialists),,2106145100,"225 E Sonterra Blvd Ste 220, San Antonio, Tx 78258",https://www.saorthospecialists.com/adam-i-harris-md,,,2025-10-04 12:52:59,2025-10-04T09:54:43+00:00,Randy
57,Health Care & Specialists,Orthopedics,Dr. Brian Kaiser,,2102819595,"Ridgewood Orthopaedic Center 19138 Us-281 N San Antonio, Tx 78258",https://www.tsaog.com/physicians/bryan-w-kaiser/,,,2025-10-04 12:52:59,2025-10-04T09:54:43+00:00,Randy
53,Health Care & Specialists,Orthopedics,Dr. Casey Taber (Tsaog),,2108045450,"19138 N Us Hwy 281 Ste 100, San Antonio, Tx 78258",https://www.tsaog.com/physicians/casey-d-taber/,,,2025-10-04 12:52:59,2025-10-04T09:54:43+00:00,Randy
55,Health Care & Specialists,Orthopedics,Dr. Peter Holmes,,2106969000,"5510-B Presidio Parkway Ste 2209 San Antonio, Tx 78249",https://methodistphysicianpractices.com/physicians/profile/Dr-Peter-Holmes-MD,,,2025-10-04 12:52:59,2025-10-04T09:54:43+00:00,Randy
28,Health Care & Specialists,Chiropractic,Dr. Tripp Puhl Chiropractic,,2108282665,"147 W Sunset Rd Ste 101, San Antonio, Tx 78209",https://www.chiropracticcentersoftexas.com/,,,2025-10-04 12:52:59,2025-10-04T09:54:43+00:00,Randy
23,Financial Services,Financial Advisor,Edward Jones,Jim Tanberg,,"On Culebra, San Antonio, Tx",,,,2025-10-04 12:52:59,2025-10-04T09:54:43+00:00,Randy
151,Tree Services,"Softener Service, Sales",Elite Water Systems,,2105565452,"17422 O'Connor Rd #200, San Antonio, Tx 78247",https://www.elitewatersystems.com/,Recommended,,2025-10-04 12:52:59,2025-10-04T09:54:43+00:00,Randy
136,Plumbing,Repair Service,Eloy Cisneros,Eloy Cisneros,2105735865,"5630 Timberhurst, San Antonio, Tx, United States, Texas",https://www.facebook.com/saplumbing01/,"Reliable, reasonable",,2025-10-04 12:52:59,2025-10-04T09:54:43+00:00,Randy
47,Health Care & Specialists,Optometry / Eye Exam,Eye Associates,Dr Anhtuan Nguyen,2106177396,"11345 Alamo Ranch Pkwy San Antonio, Tx 78253",https://www.eye-assoc.com/alamo-ranch,Good experience,,2025-10-04 12:52:59,2025-10-04T09:54:43+00:00,Randy
8,Beauty & Wellness,Barber,Fineline Barbershop #1,Damien,2104740799,"11400 Culebra Rd #105, San Antonio, Tx 78253",https://www.finelinebarbershopsa.com/location1,,,2025-10-04 12:52:59,2025-10-04T09:54:43+00:00,Randy
115,Landscaping & Outdoor Services,"Lawn Care, Landscape, Tree, Shrubs",Firm Foundation Landscaping,Tyler Lewis,2104597580,,https://firmfoundationlandscaping.com/,Lawn/rock install,,2025-10-04 12:52:59,2025-10-04T09:54:43+00:00,Randy
135,Plumbing,Repair Service,Flushing With Pride Plumbing & Sewer Services,Elizabeth Fisher,2108656402,"PO Box 681163, San Antonio, Tx 78268",https://flushingwithpride.com/,Neighbors pleased,,2025-10-04 12:52:59,2025-10-04T09:54:43+00:00,Randy
158,Auto Services,Agent,Frees Test Vendor,,1231231254,125 main st,,now is good time for all men,"agent, test",2025-10-04 12:52:59,2025-10-04 12:52:59,system
72,Home Repair & Trades,Garage Doors,Garage Door Solutions,,2106629494,,https://sagaragedoorsolutions.com/,,,2025-10-04 12:52:59,2025-10-04T09:54:43+00:00,Randy
73,Home Repair & Trades,Garage Doors,Garage Guru,,2105422273,,https://sagarageguru.com,,,2025-10-04 12:52:59,2025-10-04T09:54:43+00:00,Randy
138,Professional Services,Computer Repair,Geek Squad Alamo Ranch,,2105205143,"5419 W Loop 1604 N San Antonio, Tx 78253",https://stores.bestbuy.com/tx/san-antonio/5419-w-loop-1604-n-1459/geeksquad.html?ref=NS&loc=ns100,,,2025-10-04 12:52:59,2025-10-04T09:54:43+00:00,Randy
113,Landscaping & Outdoor Services,Lawn Care,Gilbert’S Lawn Care,Gilbert,2107071739,,,,,2025-10-04 12:52:59,2025-10-04T09:54:43+00:00,Randy
134,Pet Care,Veterinary,Great Northwest Animal Hospital,Dr. Michelle,2106814278,"8843 Grissom Rd Ste 101, San Antonio, Tx 78251",https://www.gnwah.com,,,2025-10-04 12:52:59,2025-10-04T09:54:43+00:00,Randy
154,Tree Services,Tree Trim,H.O.W. Foundation,,2103332100,"7495 Trainer Hale Rd #2, Schertz, Tx 78154",https://howfoundationsa.org/,Charity donation credit,,2025-10-04 12:52:59,2025-10-04T09:54:43+00:00,Randy
101,Insurance,Agent,Hd Insurance Agency,John,2107508900,"6827 Camp Bullis Rd #302 San Antonio, Tx 78256",https://hd-ins.com/,Independent agent,,2025-10-04 12:52:59,2025-10-04T09:54:43+00:00,Randy
59,Health Care & Specialists,Primary Care,Health Texas,Dr Bharath Pola,2102374983,"10307 State Highway 151 San Antonio, Tx 78251-4557",https://healthtexas.org/doctor/bharath-pola-d-o/,"Prompt, courteous",,2025-10-04 12:52:59,2025-10-04T09:54:43+00:00,Randy
61,Home Cleaning & Maintenance,Carpet Cleaning,Heaven’S Best Carpet Cleaning,Art / Mark,2103802969,,https://www.heavensbest.com/search/?q=78253,,,2025-10-04 12:52:59,2025-10-04T09:54:43+00:00,Randy
132,Pet Care,Veterinary,Hill Country Animal Hospital,Dr. Macias; Dr. Krick,2106954455,"12410 Bandera Rd, Helotes, Tx 78023",https://www.hillcountryanimalhospital.com/,,,2025-10-04 12:52:59,2025-10-04T09:54:43+00:00,Randy
100,Home Repair & Trades,Window Coverings,Home Depot (Plantation Shutters),,,,,,,2025-10-04 12:52:59,2025-10-04T09:54:43+00:00,Randy
118,Landscaping & Outdoor Services,Pest Control,Hometeam Pest Defense,,2106412551,"12677 Silicon Dr, San Antonio, Tx 78249",https://pestdefense.com,,,2025-10-04 12:52:59,2025-10-04T09:54:43+00:00,Randy
81,Home Repair & Trades,Handyman,James Handstedt,,2107229266,,,,,2025-10-04 12:52:59,2025-10-04T09:54:43+00:00,Randy
24,Furniture,Upholstery,Joseph Lopez,Joseph Lopez,2106806566,"610 Timber Bluff San Antonio, Tx 78253",https://www.manta.com/c/mmcbyhm/joseph-s-elite-upholstery,Excellent workmanship,,2025-10-04 12:52:59,2025-10-04T09:54:43+00:00,Randy
114,Landscaping & Outdoor Services,Lawn Care,Jose’S Lawn Service,Jose,2564220888,,,,,2025-10-04 12:52:59,2025-10-04T09:54:43+00:00,Randy
108,Landscaping & Outdoor Services,Irrigation,Just A Good Sprinkler Man,Art,2102484450,"10730 Potranco Rd #122, San Antonio, Tx 78251",https://justagoodsprinklerman.com/,,,2025-10-04 12:52:59,2025-10-04T09:54:43+00:00,Randy
129,Pet Care,Pet Grooming,Just Four Paws,,2106959035,"12602 Fm 1560 N, Helotes, Tx",https://www.justfourpawshelotes.com/,Excellent job,,2025-10-04 12:52:59,2025-10-04T09:54:43+00:00,Randy
15,CPA & Tax Services,CPA,"Kathleen Emmick Vines, CPA",,2814351354,,,,,2025-10-04 12:52:59,2025-10-04T09:54:43+00:00,Randy
110,Landscaping & Outdoor Services,Junk Removal,Landon Lindsey,Landon Lindsey,2103308365,,,"Also hedges, mulch",,2025-10-04 12:52:59,2025-10-04T09:54:43+00:00,Randy
112,Landscaping & Outdoor Services,Lawn Care,Landon Lindsey,Landon Lindsey,2103308365,,,"Reliable, shows up",,2025-10-04 12:52:59,2025-10-04T09:54:43+00:00,Randy
126,Pet Care,In‑home Euthanasia,Lap Of Love,,2106407322,,https://www.lapoflove.com/find-a-vet/Texas/San-Antonio/about,,,2025-10-04 12:52:59,2025-10-04T09:54:43+00:00,Randy
48,Health Care & Specialists,Optometry / Eye Exam,Lenscrafters Westwood Loop,,2106889262,"5535 W Loop 1604 N, San Antonio, Tx 78253",https://www.lenscrafters.com/lc-us/find-a-store,Thorough exam,,2025-10-04 12:52:59,2025-10-04T09:54:43+00:00,Randy
116,Landscaping & Outdoor Services,Pest Control,Lone Star Pest Control,Dean Dotterman,8308003209,,,$65 group rate,,2025-10-04 12:52:59,2025-10-04T09:54:43+00:00,Randy
98,Home Repair & Trades,Window Coverings,Louver Shop Of San Antonio,,8884281415,,https://www.louvershop.com/locations/louver-shop-of-san-antonio/,,,2025-10-04 12:52:59,2025-10-04T09:54:43+00:00,Randy
137,Professional Services,Computer Repair,Mac Tlc,,2104955000,"11614 West Ave., Ste.101",https://mactlc.com/,,,2025-10-04 12:52:59,2025-10-04T09:54:43+00:00,Randy
85,Home Repair & Trades,Painting,Magna Painting,Tim,2102696803,,https://www.magnapainting.com/,,,2025-10-04 12:52:59,2025-10-04T09:54:43+00:00,Randy
149,Stone & Tile,Grout Clean,Marblelife,Mike,8882184616,,https://marblelife-sanantonio.com/,"Impressed, professional",,2025-10-04 12:52:59,2025-10-04T09:54:43+00:00,Randy
13,CPA & Tax Services,CPA,"Margaret Wallace, CPA",Margaret Wallace,2108752365,"101 Sunflower Ln, Sa 78213",,Professional & helpful,,2025-10-04 12:52:59,2025-10-04T09:54:43+00:00,Randy
75,Home Repair & Trades,Handyman,Matthew Martinez,,2108608488,,,Doors,,2025-10-04 12:52:59,2025-10-04T09:54:43+00:00,Randy
1,Auto Services,Auto Repair,Md Automotive,,2106882366,"7454 Fm1560 N, San Antonio, Tx 78254",https://www.mdautomotiveonline.com/,"HCR discount, shuttle","""A/C"",""ac a/c hvac aircon cooling recharge freon leak compressor""
""A/C Repair"",""ac repair hvac air conditioning fix recharge freon condenser evaporator""
""Heating & Air Conditioning Service"",""hvac heating furnace ac service tune-up thermostat ducts air-conditioning""
""AUTO REPAIR"",""auto repair car mechanic general service maintenance fix""
""Truck Repair"",""truck repair pickup diesel light-duty heavy-duty suspension brakes""
""SUV Repair"",""suv repair crossover maintenance drivetrain awd 4wd""
""Van Repair"",""van repair minivan fleet maintenance transmission brakes""
""Imported Japanese Engine Repairs"",""japanese engines jdm honda toyota nissan subaru timing-belt head-gasket""
""Electric Vehicle Repair & Service"",""ev bev electric-vehicle battery-pack inverter high-voltage coolant charger""
""Hybrid Vehicle Repair & Service"",""hybrid repair hev phev battery-pack inverter ecvt hybrid-system""
""BRAKES"",""brakes pads rotors calipers fluid squeal vibration""
""Anti-Lock Brake Service & Diagnostics"",""abs anti-lock brake-module wheel-speed-sensor pump diagnostic""
""Brake Service and Repair"",""brake pads rotors caliper fluid lines master-cylinder""
""DIAGNOSTICS"",""diagnostics obd2 scan-tool dtc codes check-engine drivability""
""Check Engine Light Diagnostics"",""check-engine-light cel mil obd2 dtc p-codes scan""
""Computer Diagnostics (Check Engine Light, Air Bag Light, etc.)"",""computer diagnostics check-engine airbag srs abs scan-tool dtc""
""Electrical and/or Wiring Problems"",""electrical wiring short circuit fuse relay parasitic-draw""
""Diagnose and repair tire pressure monitoring systems"",""tpms tire-pressure sensor programming relearn warning-light""
""Warning Light Diagnostics"",""warning-light dash indicator cel abs srs tpms diagnostics""
""Overheating Diagnostics"",""overheating coolant radiator water-pump thermostat cooling-fan""
""DIESEL SERVICE"",""diesel service maintenance fuel-filter glow-plug""
""Diesel Service and Repair"",""diesel repair injection-pump turbo egr dpf regeneration""
""DRIVEABILITY"",""drivability hesitation stalling misfire rough-idle surge""
""Differential & Transfer Case (4WD) Service"",""differential transfer-case 4wd awd fluid leak bearing""
""Drive Train Repair"",""drivetrain axle driveshaft u-joint cv-joint bearing""
""Driveability Issues"",""drivability hesitation stumble misfire surge bogging""
""Fuel Pump Repair"",""fuel-pump replacement relay filter no-start""
""Fuel System Repair"",""fuel-system injectors rail filter flush""
""ELECTRICAL"",""electrical battery alternator starter wiring fuse relay""
""Battery Service"",""battery test replace terminals charging""
""Electrical and Computer Diagnosis"",""electrical diagnostics wiring computer module scan""
""Electrical and/or Wiring Problems"",""electrical wiring short circuit fuse relay parasitic-draw""
""Starting & Charging Diagnosis"",""starting charging starter alternator battery voltage-drop test""
""ELECTRONICS"",""electronics modules sensors ecu tcu bcm programming""
""Airbag and SRS Systems"",""airbag srs restraint module clockspring sensor light""
""Check Engine Light Diagnostics"",""check-engine-light cel mil obd2 dtc p-codes scan""
""EMISSIONS"",""emissions smog evap egr catalytic-converter o2-sensor""
""Emissions Repair"",""emissions repair evap egr catalytic-converter o2-sensor""
""Exhaust System Work"",""exhaust muffler resonator catalytic-converter pipe manifold leak""
""INTERIOR/EXTERIOR"",""lights wipers bulbs switches mirrors interior exterior trim""
""Wiper Blade Replacement"",""wiper blades windshield replace streaking""
""Tail light Replacement"",""tail-light bulb led socket wiring""
""Head Light Replacement"",""headlight bulb led hid aiming""
""MAINTENANCE"",""maintenance service schedule fluids tune-up inspection""
""Factory Recommended Services by Each Manufacturer"",""factory scheduled-maintenance oem 30k 60k 90k service""
""Oil Change"",""oil-change filter lube synthetic conventional""
""Preventative Maintenance"",""preventive-maintenance inspection fluids belts hoses""
""TESTS/INSPECTIONS"",""inspection test multipoint safety diagnostics""
""Brake Inspection"",""brake inspection pads rotors fluid measure""
""Comprehensive Maintenance Inspection"",""multi-point inspection full-vehicle checklist""
""Pre-Purchase Inspection"",""pre-purchase inspection ppi used-car buyer""
""TIRES / WHEELS"",""tires wheels rims alignment balance rotation tpms""
""Alignment"",""alignment toe camber caster steering""
""Computerized Wheel and Frame Alignments"",""wheel-alignment computerized frame-measurement toe camber caster""
""Diagnose and repair tire pressure monitoring systems"",""tpms tire-pressure sensor programming relearn warning-light""
""Mechanical and Suspension Repairs"",""suspension control-arms ball-joints tie-rods shocks struts""
""Wheel Alignments"",""wheel-alignment toe camber caster""
""Wheel Balancing"",""balance tire weights vibration road-force""
""Rotation and Check Tire Pressure"",""tire-rotation pressure-check tpms""
""Suspension (includes struts, shocks, axles, control arm replacement)"",""suspension struts shocks axles control-arms bushings ball-joints""
""Tire Repairs or Replacement"",""tire repair patch plug replace mount""
""Tire Sales"",""tire sales new-tires brands pricing""
""TRANSMISSION REPAIR"",""transmission repair gearbox trans-service rebuild""
""Clutch Replacement"",""clutch replacement disc pressure-plate release-bearing flywheel""
""Transmission Service"",""transmission service fluid filter flush pan-gasket""
""Automatic and Manual Transmissions"",""automatic manual transmission gearbox cvt 6-speed""
""UNDERHOOD"",""underhood engine-bay belts hoses fluids filters""
""Air Intake Cleaning & Filter Changing"",""air-intake cleaning throttle-body air-filter maf""
""Belt and Hoses Replacement"",""belts hoses serpentine coolant vacuum replace""
""Clutch Replacement"",""clutch replacement disc pressure-plate release-bearing flywheel""
""Cooling System Service (Water Pumps, Radiators, etc.)"",""cooling-system radiator water-pump thermostat flush leak""
""Diesel Service and Repair"",""diesel repair injection-pump turbo egr dpf""
""Engine Repair"",""engine repair head-gasket timing-chain valves compression""
""Fuel Injection Repair"",""fuel-injection injector cleaning rail o-rings""
""Power Steering"",""power-steering pump rack-pinion fluid leak""
""Replace and Service Transmission"",""transmission replace service fluid filter""
""Steering and Suspension Service"",""steering suspension tie-rods ball-joints struts shocks alignment""
""TDI Diesel repair"",""tdi diesel vw audi injection turbo egr dpf""
""Timing Belt and Water Pump Replacement"",""timing-belt water-pump tensioner idler replace""
""Transmission Service"",""transmission service fluid filter flush pan-gasket""
""Tune-Ups, Air Filters, Fuel Filters"",""tune-up spark-plugs coils air-filter fuel-filter""
""Alternator Testing and Replacement"",""alternator test charging replace voltage-regulator""
",2025-10-04 12:52:59,2025-10-04T09:54:43+00:00,Randy
46,Health Care & Specialists,Ophthalmologist,Medical Center Ophthalmology Associates,Stephen J Fisher,2106972020,"9730 Westover Hills Blvd Ste. 110 San Antonio, Tx 78251",https://mcoaeyecare.com/eye-doctor/steven-j-fisher-m-d/,,,2025-10-04 12:52:59,2025-10-04T09:54:43+00:00,Randy
76,Home Repair & Trades,Handyman,Mike B.,,2107407500,,,Doors,,2025-10-04 12:52:59,2025-10-04T09:54:43+00:00,Randy
17,Electrical,Electrician,Mike Castillo,Mike Castillo,2104540397,,,Highly recommended,,2025-10-04 12:52:59,2025-10-04T09:54:43+00:00,Randy
130,Pet Care,Veterinary,Mission Emergency Vet,,2107377373,"8202 N Loop 1604 W, San Antonio, Tx 78249",https://mission.vet,Emergency,,2025-10-04 12:52:59,2025-10-04T09:54:43+00:00,Randy
119,Landscaping & Outdoor Services,Pest Control,Mister‑B Termite & Pest Control,,2106590609,"9218 Converse Business Ln Ste 6, Converse, Tx 78109",,,,2025-10-04 12:52:59,2025-10-04T09:54:43+00:00,Randy
22,Financial Services,Financial Advisor,Morgan Stanley,Lance Childress,2102774449,"7600 Broadway, Ste 100, San Antonio, Tx 78209",https://advisor.morganstanley.com/lance.childress,,,2025-10-04 12:52:59,2025-10-04T09:54:43+00:00,Randy
141,Professional Services,Music Lessons,Mrs. Harline (Piano),,,,https://lisaharline.wixsite.com/harline-music-studio/about,,,2025-10-04 12:52:59,2025-10-04T09:54:43+00:00,Randy
79,Home Repair & Trades,Handyman,Neveah'S General Maintenance,Daniel Neveah,2108733792,,,"Power wash, repairs",,2025-10-04 12:52:59,2025-10-04T09:54:43+00:00,Randy
10,Bicycle & Bike,"Bicycle Sales, Mobile Repair Service",On The Go Bikes,Oscar Arango,2102811101,,https://www.onthegobikes.com,,,2025-10-04 12:52:59,2025-10-04T09:54:43+00:00,Randy
144,Real Estate,Property Tax,Ownwell,,,,https://www.ownwell.com/referral?owl=57FA5Z101,,,2025-10-04 12:52:59,2025-10-04T09:54:43+00:00,Randy
68,Home Repair & Trades,Flooring,"Palmer’S Flooring, LLC",Kyle; Joseph,2103255600,"12903 El Sendero St, San Antonio, Tx 78233",https://www.facebook.com/palmersflooring/,,,2025-10-04 12:52:59,2025-10-04T09:54:43+00:00,Randy
124,Legal Services,Estate Legal Services,Paul Owens Law,Paul Owens,2106955110,"14237 Old Bandera Rd, Helotes, Tx 78023",https://paulowenslaw.com/,Renter contracts,,2025-10-04 12:52:59,2025-10-04T09:54:43+00:00,Randy
123,Legal Services,Elder Law,Paul Premack,Paul Premack,2108261122,"2186 Jackson Keller Road #720, San Antonio, Tx 78213",https://www.premack.com/about-paul-premack,Estate resolution,,2025-10-04 12:52:59,2025-10-04T09:54:43+00:00,Randy
19,Electrical,Electrician,Pawson Electric,Kevin Pawson,2107889520,"5903 Dannykaye Dr, San Antonio, Tx 78240",https://pawsonelectricsa.com,"Professional, honest",,2025-10-04 12:52:59,2025-10-04T09:54:43+00:00,Randy
5,Auto Services,Auto Repair,Potranco Automotive,,2106796620,"12034 Potranco Rd, San Antonio, Tx 78253",https://www.potrancoautomotive.com,,,2025-10-04 12:52:59,2025-10-04T09:54:43+00:00,Randy
148,Stone & Tile,Granite Work,Prado’S Granite,,2103591544,,http://www.jpradogranite.com/,"On time, fair price",,2025-10-04 12:52:59,2025-10-04T09:54:43+00:00,Randy
69,Home Repair & Trades,Flooring,Presidio Flooring,John Sosa,2106882482,"25374 W Interstate 10 Frontage Rd, San Antonio, Tx 78257",https://presidioflooring.com,,,2025-10-04 12:52:59,2025-10-04T09:54:43+00:00,Randy
64,Home Repair & Trades,Bath Remodeling,Quality Bath And Floors,Adrian Salinas,2103632424,"223 Lorraine San Antonio, Texas 78214",https://qualitybathandfloors.com/,Bath Flooring,,2025-10-04 12:52:59,2025-10-04T09:54:43+00:00,Randy
147,Stone & Tile,"Flooring, Walls",Quality Bath And Floors,Adrian Salinas,2103632424,"223 Lorraine San Antonio, Texas 78214",https://qualitybathandfloors.com/,Bath Flooring,,2025-10-04 12:52:59,2025-10-04T09:54:43+00:00,Randy
77,Home Repair & Trades,Handyman,Ralph Marchiori,,2108606209,,,Doors,,2025-10-04 12:52:59,2025-10-04T09:54:43+00:00,Randy
139,Professional Services,Jewelry Repair Service,Rialto Jewelry,,2105098100,"8910 Bandera Rd Ste 107, Sa 78250",https://www.rialtojewelry.com/,Gold/diamond repair,,2025-10-04 12:52:59,2025-10-04T09:54:43+00:00,Randy
14,CPA & Tax Services,CPA,"Richard Krampe, CPA",,2106951960,"14359 Old Bandera Rd, Helotes, Tx 78023",https://richcpa.co/,,,2025-10-04 12:52:59,2025-10-04T09:54:43+00:00,Randy
106,Landscaping & Outdoor Services,"Decks, Gazebo, Arbor, Pergola",River City Deck & Patio,,2108233637,"18771 Fm 2252, San Antonio, Tx 78266",https://rivercitydeckandpatio.com/,"Professional, reasonable",,2025-10-04 12:52:59,2025-10-04T09:54:43+00:00,Randy
70,Home Repair & Trades,Flooring,River City Floors,,2105933358,"3859 Stahl Rd, San Antonio, Tx 78217",https://rcfhardwoods.com/san-antonio/,,,2025-10-04 12:52:59,2025-10-04T09:54:43+00:00,Randy
40,Health Care & Specialists,Dermatology,Rose Dermatology,,2102399647,"10630 Braun Rd Suite 105, San Antonio, Tx 78254",https://www.rosedermtx.com/,,,2025-10-04 12:52:59,2025-10-04T09:54:43+00:00,Randy
83,Home Repair & Trades,"Hvac, Air Conditioning, Heating",Rosenberg Plumbing & Air,Matt (co-Owner),2109875587,"4335 Vance Jackson Rd Suite 505, San Antonio, Tx 78230",https://rosenberghvac.com,,,2025-10-04 12:52:59,2025-10-04T09:54:43+00:00,Randy
49,Health Care & Specialists,Orthopedics,Sa City Orthopedics,Dr Brian N Kanz,2105102400,"1931 Rogers Road Suite 104 San Antonio, Tx 78251",https://www.sacityortho.com/,Highly recommended,,2025-10-04 12:52:59,2025-10-04T09:54:43+00:00,Randy
42,Health Care & Specialists,Endocrinology,San Antonio Endocrinologist,Dr Shahid Aziz,2103525006,"10818 Town Center Rd, San Antonio, Tx",https://www.saendocrine.com/shahid-aziz-md/,"Easy access, good parking",,2025-10-04 12:52:59,2025-10-04T09:54:43+00:00,Randy
29,Health Care & Specialists,Chiropractic,San Antonio Family Chiropractor,,2106990158,"9386 Huebner Rd Ste 100 San Antonio, Tx 78240",https://www.safamilychiro.com/,,,2025-10-04 12:52:59,2025-10-04T09:54:43+00:00,Randy
140,Professional Services,Music Lessons,San Antonio Music Academy (Sama),,2106817262,"11121 Westwood Loop Ste. 208, San Antonio, Tx 78253",https://samusicacademy.com/,,,2025-10-04 12:52:59,2025-10-04T09:54:43+00:00,Randy
142,Professional Services,Shoe Repair,San Antonio Quality Shoe Repair & Alterations,,2104958550,"19160 Stone Oak Pkwy #102, San Antonio, Tx 78258",,Boots/purses/clothes,,2025-10-04 12:52:59,2025-10-04T09:54:43+00:00,Randy
12,CPA & Tax Services,CPA,"Sandra Kapsar, CPA",Sandra Kapsar,2102501690,,,HCR resident,,2025-10-04 12:52:59,2025-10-04T09:54:43+00:00,Randy
109,Landscaping & Outdoor Services,Irrigation,Saul Pineda,,2103475291,,,,,2025-10-04 12:52:59,2025-10-04T09:54:43+00:00,Randy
91,Home Repair & Trades,"Screens Window Door Motorized, Patio Enclosures",Screenmobile Of Boerne,,2107565700,"5 Upper Cibolo Creek Rd, Boerne, Tx 78006",https://www.screenmobile.com/boerne,,,2025-10-04 12:52:59,2025-10-04T09:54:43+00:00,Randy
63,Home Repair & Trades,Address Tiles,Sea Gull Lighting 90621-68,,,,,Order House numbers + 2 blanks,,2025-10-04 12:52:59,2025-10-04T09:54:43+00:00,Randy
20,Financial Services,Financial Advisor,Secure Financial Management,Jay Kirkwood,2104286250,"4630 De Zavala Road San Antonio, Tx 78249",https://sfmplanning.com/,CPA + attorney,,2025-10-04 12:52:59,2025-10-04T09:54:43+00:00,Randy
146,Security,Alarm Service,Smith Thompson Security,,2105900880,,https://smiththompson.com/,"Responsive, no upsell",,2025-10-04 12:52:59,2025-10-04T09:54:43+00:00,Randy
7,Beauty & Wellness,Alterations,Sofy’Z,,2109571441,"5619 W Loop 1604 N Suite 125, San Antonio, Tx 78253",https://sofyzdesigns.fashion/,,,2025-10-04 12:52:59,2025-10-04T09:54:43+00:00,Randy
39,Health Care & Specialists,Dermatology,Sorrento Dermatology,Dr James Neiiner,2104509840,"1314 E Sonterra Blvd, Suite #2201, San Antonio, Tx 78258",https://dermatologysanantonio.com/dr-james-neiner,Outstanding MOHS,,2025-10-04 12:52:59,2025-10-04T09:54:43+00:00,Randy
103,Landscaping & Outdoor Services,Artificial Turf,Southern Turf,,2107964601,"3414 Zebecca Creek Drive, San Antonio, Tx 78015",https://www.southernturfco.com/san-antonio/,,,2025-10-04 12:52:59,2025-10-04T09:54:43+00:00,Randy
74,Home Repair & Trades,Gutter Cleaning,Squeaky Dan'S,,2103946840,,https://www.squeakydans.com/,"Also windows, roof wash",,2025-10-04 12:52:59,2025-10-04T09:54:43+00:00,Randy
93,Home Repair & Trades,"Window Cleaning, Washing",Squeaky Dan'S,,2103946840,,https://www.squeakydans.com/,"Also windows, roof wash",,2025-10-04 12:52:59,2025-10-04T09:54:43+00:00,Randy
60,Home Cleaning & Maintenance,Carpet Cleaning,Steam Solutions Carpet Cleaning,,2106433812,"2610 Johnson Grass, San Antonio, Tx 78251",http://www.steamsolutionscarpetcleaning.com,,,2025-10-04 12:52:59,2025-10-04T09:54:43+00:00,Randy
125,Pet Care,In‑home Euthanasia,Stepping Stone Vetcare,Dr. Laura,2104546101,"535 E Ammann Rd, Bulverde, Tx 78163",https://www.steppingstonevetcare.com,,,2025-10-04 12:52:59,2025-10-04T09:54:43+00:00,Randy
89,Home Repair & Trades,Roofing,Storm Roofing,Alfred,2104977736,"20770 Hwy 281 #108-293 San Antonio, Tx 78258",https://www.stormroofing.com/,,,2025-10-04 12:52:59,2025-10-04T09:54:43+00:00,Randy
58,Health Care & Specialists,Physical Therapy,Stratton Physical Therapy,Dr Kenny Hogan,2108287557,"11919 Culebra Road, Bldg 1 Suite 101, San Antonio, Texas 78253",https://www.strattonrehab.com/locations/alamo-ranch,Highly recommended,,2025-10-04 12:52:59,2025-10-04T09:54:43+00:00,Randy
143,Real Estate,Property Mgmt,Styles Aden,Styles Aden,2108672564,"4372 N Loop 1604 West Ste 102 San Antonio, Tx 78249",https://www.phyllisbrowning.com/realestate/agent/aden-stiles/,Manages HCR rentals,,2025-10-04 12:52:59,2025-10-04T09:54:43+00:00,Randy
4,Auto Services,Auto Repair,Sun Auto Service,,2104551645,"11906 Alamo Ranch Pkwy San Antonio, Tx 78253",https://www.sunautoservice.com/locations/tx/sanantonio/auto-repair-11906-alamo-ranch-pkwy,,,2025-10-04 12:52:59,2025-10-04T09:54:43+00:00,Randy
99,Home Repair & Trades,Window Coverings,Sunburst,,2108760377,,https://www.sunburstshutterssanantonio.com/,,,2025-10-04 12:52:59,2025-10-04T09:54:43+00:00,Randy
104,Landscaping & Outdoor Services,Concrete Resurfacing,Sundek Of San Antonio,Steve Scott,2104910280,"18847 Redland Rd #206, San Antonio, Tx 78259",https://www.sundeksanantonio.com/,Highly recommended,,2025-10-04 12:52:59,2025-10-04T09:54:43+00:00,Randy
66,Home Repair & Trades,"Decks, Gazebo, Arbor, Pergola",Superior Outdoor Design,,2106985010,"21195 W I-10, San Antonio, Tx 78257",https://www.superioroutdoordesigns.com/,,,2025-10-04 12:52:59,2025-10-04T09:54:43+00:00,Randy
155,Tree Services,Tree Trim,Teague'S Tree Service,,2107180142,"PO Box 3151, Universal City, Tx 78148",,"Courteous, fair pricing",,2025-10-04 12:52:59,2025-10-04T09:54:43+00:00,Randy
30,Health Care & Specialists,Dental,Texas Country Dental,Dr. Kiela Hilton,2106886809,"10919 Culebra Rd Ste 130, San Antonio, Tx 78253",https://www.texascountrydental.com/,,,2025-10-04 12:52:59,2025-10-04T09:54:43+00:00,Randy
62,Home Cleaning & Maintenance,"Window Cleaning, Washing",Texas Window Washing,,2103260852,,https://www.texaswindowwashing.xyz/,,,2025-10-04 12:52:59,2025-10-04T09:54:43+00:00,Randy
65,Home Repair & Trades,Deck Staining,The Dexpert,,2104806584,"7312 Reindeer Trail Leon Valley, Tx 78238",https://www.thedexpert.com,Pergola & cedar match,,2025-10-04 12:52:59,2025-10-04T09:54:43+00:00,Randy
131,Pet Care,Veterinary,Thrive Pet Healthcare – Covenant Care Animal Hospital,,2102495831,"11841 Alamo Ranch Pkwy, Suite 112, San Antonio, Texas 78253",https://www.thrivepetcare.com,,,2025-10-04 12:52:59,2025-10-04T09:54:43+00:00,Randy
9,Beauty & Wellness,Nail Salon,Tippi Nail Bar,,2108868001,"6846 Alamo Pkwy #104, San Antonio, Tx 78253",https://tippinailbarsanantonio.com/,New management,,2025-10-04 12:52:59,2025-10-04T09:54:43+00:00,Randy
11,Bicycle & Bike,"Bicycle Sales, Repair Service",Trek Bicycle San Antonio West,,2106004161,"11310 Culebra Rd Ste 117, San Antonio, Tx 78253",https://www.trekbikes.com/us/en_US/retail/san-antonio-west/,"Early drop, fast turn",,2025-10-04 12:52:59,2025-10-04T09:54:43+00:00,Randy
51,Health Care & Specialists,Orthopedics,Tsaog Orthopaedics & Spine,Dr Emmanuel Nwelue,2108045400,"11212 State Hwy 151, #150 San Antonio, Tx 78251",https://www.tsaog.com/physicians/emmanuel-c-nwelue/,"Personable, understanding",,2025-10-04 12:52:59,2025-10-04T09:54:43+00:00,Randy
56,Health Care & Specialists,Orthopedics,Tsaog – Dr. Brian Kanz,,2108045400,"9150 Huebner Rd Ste 290, San Antonio, Tx 78240",https://www.briankanzmd.com/,,,2025-10-04 12:52:59,2025-10-04T09:54:43+00:00,Randy
52,Health Care & Specialists,Orthopedics,Tsaog – Dr. Gregory Naugher,,2108045400,"11212 State Hwy 151, #150 San Antonio, Tx 78251",https://www.tsaog.com/physicians/g-lane-naugher/,,,2025-10-04 12:52:59,2025-10-04T09:54:43+00:00,Randy
45,Health Care & Specialists,Ophthalmologist,Ultravision,,2103085550,"6818 Heuermann Rd, Sa 78256",https://lasik2c.com/?utm_source=GMBlisting,,,2025-10-04 12:52:59,2025-10-04T09:54:43+00:00,Randy
38,Health Care & Specialists,Dermatology,Ut Health,Dr Shiu,2104501000,"7979 Wurzbach Roadsan Antonio, Tx 78229",https://cancer.uthscsa.edu/doctors-and-locations/doctors-and-clinics/valerie-shiu,MOHS surgery,,2025-10-04 12:52:59,2025-10-04T09:54:43+00:00,Randy
27,Health Care & Specialists,Audiology,Ut Health Marc,,2105677000,"7703 Floyd Curl Drive San Antonio, Tx 78229",https://lsom.uthscsa.edu/otolaryngology/otology-and-audiology/,Helpful staff,,2025-10-04 12:52:59,2025-10-04T09:54:43+00:00,Randy
50,Health Care & Specialists,Orthopedics,Ut Health Orthopaedics,Dr Chance Moore,2104509300,"7703 Floyd Curl Drive San Antonio, Tx 78229",https://directory.uthscsa.edu/academics/profile/moorecc,Patient recommends,,2025-10-04 12:52:59,2025-10-04T09:54:43+00:00,Randy
44,Health Care & Specialists,Endodontics,Vaughn Endodontics,Dr. Gary Benjamin; Dr. Vaughn,2108242363,"11019 Culebra Rd Ste 160, San Antonio, Tx 78253",https://www.vaughnendodontics.com/meet-us/gary-benjamin-dmd/,,,2025-10-04 12:52:59,2025-10-04T09:54:43+00:00,Randy
145,Security,Alarm Service,Vivint,Jacob Moore,8444818630,"15900 La Cantera Parkway #19210 San Antonio, Tx 78256",https://www.vivint.com/locations/texas/san-antonio,Responsive,,2025-10-04 12:52:59,2025-10-04T09:54:43+00:00,Randy
156,Water Services,"Softener Service, Sales",Water Doctor,,2105050555,"3211 Howling Wolf, San Antonio, Tx 78261",,Many HCR customers,,2025-10-04 12:52:59,2025-10-04T09:54:43+00:00,Randy
41,Health Care & Specialists,Dermatology,Westover Hills Dermatology,Dr. Mobolaji Opeola,8304652851,"9018 Culebra Rd Ste 104, San Antonio, Tx 78251",https://westoverhillsdermatology.com/dr-mobolaji-opeola,,,2025-10-04 12:52:59,2025-10-04T09:54:43+00:00,Randy
36,Health Care & Specialists,Dental,Whispering Oaks Dental,Dr. Barton,2102930696,5531 W. Loop 1604 N Suite 115 Suite 115,,,,2025-10-04 12:52:59,2025-10-04T09:54:43+00:00,Randy
82,Home Repair & Trades,"Hvac, Air Conditioning, Heating",Wilks Air Conditioning,Danny Wilks,2105349911,"39 Waleetka St, San Antonio, Tx 78210",https://wilksair.com/,,,2025-10-04 12:52:59,2025-10-04T09:54:43+00:00,Randy
95,Home Repair & Trades,Window Coverings,Window Fashions Of Texas,,2107917705,"16151 College Oak #102, San Antonio, Tx 78249",https://windowfashionsoftexas.com/,,,2025-10-04 12:52:59,2025-10-04T09:54:43+00:00,Randy
21,Financial Services,Financial Advisor,Your Retirement Solutions,Jake Yetterberg,2104953711,"14400 Northbrook Drive Suite 100 San Antonio, Tx 78232",https://www.yetterberg.com/team/jake-yetterberg,Retirement & estate focus,,2025-10-04 12:52:59,2025-10-04T09:54:43+00:00,Randy
34,Health Care & Specialists,Dental,Z Dentist San Antonio,,2108029999,"7010 W Loop 1604 N, Suite 205, San Antonio, Texas 78254",https://www.z-dentist.com/,,,2025-10-04 12:52:59,2025-10-04T09:54:43+00:00,Randy
160,Auto Services,,z test vendor,,,,,,,2025-10-05T14:42:23,2025-10-05T14:42:23,appuser
159,Auto Services,,Z-Temp Co,,,,,,,2025-10-05T14:32:27,2025-10-05T14:32:27,appuser
